graph_id,nodes,edges,p,q,num_walks,walk_length,train_time,inference_time,total_runtime,memory_mb,sample_size,precision,recall,f1_score,roc_auc,map,true_positives
1,348,2866,0.7,0.7,10,80,11.216734886169434,0.6628272533416748,11.879562139511108,22.134514808654785,50,0.14137214137214138,0.11846689895470383,0.12890995260663507,0.8516000000000001,0.32576869457799956,68
2,1390,30654,0.7,0.7,10,80,86.05645251274109,2.599174737930298,88.65562725067139,153.89551258087158,50,0.30303030303030304,0.024465829391616376,0.04527618472683368,0.9689,0.2504248725153115,150
3,2167,45414,0.7,0.7,10,80,121.88277816772461,4.079453945159912,125.96223211288452,223.37254905700684,50,0.25250501002004005,0.013872068699768798,0.026299311208515964,0.9584,0.3393785802757577,126
4,2916,76190,0.7,0.7,10,80,201.08010578155518,5.720792531967163,206.80089831352234,365.08047580718994,50,0.2721774193548387,0.008859430371439821,0.017160289818228043,0.9889,0.21349890036788716,135
