graph_id,nodes,edges,p,q,num_walks,walk_length,train_time,inference_time,total_runtime,memory_mb,sample_size,precision,recall,f1_score,roc_auc,map,true_positives
1,348,2866,0.7,0.7,10,80,21.216405868530273,41.007972240448,62.22437810897827,341.27734375,50,0.12083333333333333,0.10104529616724739,0.11005692599620492,0.8617,0.4471702866099417,58
2,1390,30654,0.7,0.7,10,80,77.39768505096436,59.72853708267212,137.12622213363647,351.3515625,50,0.23935091277890466,0.019246452454738217,0.0356280193236715,0.942,0.28972044114390766,118
3,2167,45414,0.7,0.7,10,80,90.50216746330261,47.78133010864258,138.2834975719452,350.94921875,50,0.22535211267605634,0.012330727733127822,0.02338204592901879,0.9601,0.2121247459860122,112
4,2916,76190,0.7,0.7,10,80,96.00986838340759,1.8660295009613037,97.8758978843689,0.1,50,0.2842741935483871,0.009253182832392702,0.017922969365704845,0.9819,0.3443946988486922,141
